,W1 (F1),W2 (F2),W3 (F3),W4 (F4),W5 (F5),W6 (F6),W7 (F7),W8 (F8),W9 (CLEAR),W1 (IR)
415,0.420917894,0.020907883,0.012981319,0.014316509,0.005109659,0.034021445,-0.034083173,0.058207373,-0.038652327,0.002150613
445,0.107077296,0.248530807,-0.02049447,0.04952219,-0.03070574,0.062238851,-0.025909447,0.052382245,-0.042386573,0.003435513
480,0.022209947,0.023485854,0.168696547,0.043874432,-0.02391885,0.054362141,-0.032661456,0.060339194,-0.037931292,0.004693913
515,0.007025304,0.016223545,-0.01146615,0.169742518,-0.038779981,0.036611997,-0.012223004,0.023302956,-0.019071113,0.001011047
555,0.011169414,0.022528722,-0.017921598,0.050696533,0.083074913,0.028896009,-0.021932748,0.042657594,-0.026542467,0.003077206
590,0.014318574,0.010579583,0.010852949,0.015706136,0.022688127,0.098155646,-0.019718387,0.030921514,-0.024625822,0.004200319
630,-0.008239136,0.002857355,-0.01677057,0.03422025,-0.060674184,0.050875326,0.047404729,0.000589306,0.002846984,-0.005893846
680,0.030779053,-0.004848296,0.067768163,-0.01104226,0.065779838,-0.031823743,0.005927892,0.082553543,-0.03494089,0.009621227
750,-0.034641762,-0.017922244,-0.029042089,0.063101433,-0.148863662,0.088088258,-0.050384775,0.008770555,0.041143506,-0.019291645